nhser18cd, stp18cd
E40000003, E54000027
E40000003, E54000028
E40000003, E54000029
E40000003, E54000030
E40000003, E54000031
E40000006, E54000036
E40000006, E54000037
E40000006, E54000038
E40000006, E54000039
E40000006, E54000040
E40000006, E54000041
E40000006, E54000043
E40000005, E54000032
E40000005, E54000033
E40000005, E54000034
E40000005, E54000035
E40000005, E54000042
E40000005, E54000044
E40000008, E54000010
E40000008, E54000011
E40000008, E54000012
E40000008, E54000013
E40000008, E54000014
E40000008, E54000015
E40000008, E54000016
E40000008, E54000017
E40000008, E54000018
E40000008, E54000019
E40000008, E54000020
E40000007, E54000021
E40000007, E54000022
E40000007, E54000023
E40000007, E54000024
E40000007, E54000025
E40000007, E54000026
E40000010, E54000007
E40000010, E54000008
E40000010, E54000048
E40000009, E54000005
E40000009, E54000006
E40000009, E54000009
E40000009, E54000049
